INSERT INTO Centers (CenterID, CenterName) VALUES (1, 'كفرالشيخ - الديوان العام');
INSERT INTO Centers (CenterID, CenterName) VALUES (2, 'كفرالشيخ');
INSERT INTO Centers (CenterID, CenterName) VALUES (3, 'دسوق');
INSERT INTO Centers (CenterID, CenterName) VALUES (4, 'الحامول');
INSERT INTO Centers (CenterID, CenterName) VALUES (5, 'بلطيم');
INSERT INTO Centers (CenterID, CenterName) VALUES (6, 'فوه');
INSERT INTO Centers (CenterID, CenterName) VALUES (7, 'مسير');
INSERT INTO Centers (CenterID, CenterName) VALUES (8, 'قلين');
INSERT INTO Centers (CenterID, CenterName) VALUES (9, 'سيدي سالم');
INSERT INTO Centers (CenterID, CenterName) VALUES (10, 'برج البرلس');
INSERT INTO Centers (CenterID, CenterName) VALUES (11, 'مصيف بلطيم');
INSERT INTO Centers (CenterID, CenterName) VALUES (12, 'بيلا');
INSERT INTO Centers (CenterID, CenterName) VALUES (13, 'الرياض');
INSERT INTO Centers (CenterID, CenterName) VALUES (14, 'سيدي غازي');
INSERT INTO Centers (CenterID, CenterName) VALUES (15, 'مطوبس');
INSERT INTO Brands (BrandID, BrandName) VALUES (1, 'B M W');
INSERT INTO Brands (BrandID, BrandName) VALUES (2, 'توسان');
INSERT INTO Brands (BrandID, BrandName) VALUES (3, 'بجيرو');
INSERT INTO Brands (BrandID, BrandName) VALUES (4, 'شانج يانج');
INSERT INTO Brands (BrandID, BrandName) VALUES (5, 'نيسان');
INSERT INTO Brands (BrandID, BrandName) VALUES (6, 'تويوتا');
INSERT INTO Brands (BrandID, BrandName) VALUES (7, 'شيفرولية');
INSERT INTO Brands (BrandID, BrandName) VALUES (8, 'سوزوكي');
INSERT INTO Brands (BrandID, BrandName) VALUES (9, 'لموزين ');
INSERT INTO Brands (BrandID, BrandName) VALUES (10, 'مزدوجة ');
INSERT INTO Brands (BrandID, BrandName) VALUES (11, 'ليموزين');
INSERT INTO Brands (BrandID, BrandName) VALUES (12, 'تويوتا ');
INSERT INTO Brands (BrandID, BrandName) VALUES (13, 'جيب شيروكي');
INSERT INTO Brands (BrandID, BrandName) VALUES (14, 'ميتسوبيشي');
INSERT INTO Brands (BrandID, BrandName) VALUES (15, 'نيسان ');
INSERT INTO Brands (BrandID, BrandName) VALUES (16, 'شيفروليه');
INSERT INTO Brands (BrandID, BrandName) VALUES (17, 'دايو لانوس');
INSERT INTO Brands (BrandID, BrandName) VALUES (18, 'هيونداي فرنا');
INSERT INTO Brands (BrandID, BrandName) VALUES (19, 'هيونداي فان');
INSERT INTO Brands (BrandID, BrandName) VALUES (20, 'ايسوزو');
INSERT INTO Brands (BrandID, BrandName) VALUES (21, 'دايو لا نوس');
INSERT INTO Brands (BrandID, BrandName) VALUES (22, 'أيسوزو');
INSERT INTO Brands (BrandID, BrandName) VALUES (23, 'بدفورد');
INSERT INTO Brands (BrandID, BrandName) VALUES (24, 'مازدا');
INSERT INTO Brands (BrandID, BrandName) VALUES (25, 'نصر دوجان');
INSERT INTO Brands (BrandID, BrandName) VALUES (26, 'مرسيدس');
INSERT INTO Brands (BrandID, BrandName) VALUES (27, 'دايو');
INSERT INTO Brands (BrandID, BrandName) VALUES (28, 'باندا');
INSERT INTO Brands (BrandID, BrandName) VALUES (29, 'شيفورليه');
INSERT INTO Brands (BrandID, BrandName) VALUES (30, 'اوزيوزو');
INSERT INTO Brands (BrandID, BrandName) VALUES (31, 'مرسيدس ');
INSERT INTO Brands (BrandID, BrandName) VALUES (32, 'متسوبيشى');
INSERT INTO Brands (BrandID, BrandName) VALUES (33, 'اسوزو ');
INSERT INTO Brands (BrandID, BrandName) VALUES (34, 'شيفرولية ');
INSERT INTO Brands (BrandID, BrandName) VALUES (35, 'نبسان');
INSERT INTO Brands (BrandID, BrandName) VALUES (36, ' ايسوزو');
INSERT INTO Brands (BrandID, BrandName) VALUES (37, 'ميكروباص');
INSERT INTO Brands (BrandID, BrandName) VALUES (38, 'شيفروليه دبابه');
INSERT INTO Brands (BrandID, BrandName) VALUES (39, 'شيفروليه ');
INSERT INTO Brands (BrandID, BrandName) VALUES (40, 'نيسان  دبل كبينه ');
INSERT INTO Brands (BrandID, BrandName) VALUES (41, 'تويوتا دبل كبينه');
INSERT INTO Brands (BrandID, BrandName) VALUES (42, 'نيسان بيك اب');
INSERT INTO Brands (BrandID, BrandName) VALUES (43, 'نيسان مفرد 1 طن');
INSERT INTO Brands (BrandID, BrandName) VALUES (44, 'سياره نيسان');
INSERT INTO Brands (BrandID, BrandName) VALUES (45, 'سياره بدفورد');
INSERT INTO Brands (BrandID, BrandName) VALUES (46, 'سياره متسوبيشي');
INSERT INTO Brands (BrandID, BrandName) VALUES (47, 'سياره ركوب');
INSERT INTO Brands (BrandID, BrandName) VALUES (48, 'سيارة بندا موديل');
INSERT INTO Brands (BrandID, BrandName) VALUES (49, 'متسوبيش');
INSERT INTO Brands (BrandID, BrandName) VALUES (50, 'تويوتا دبل');
INSERT INTO Brands (BrandID, BrandName) VALUES (51, 'سوزوكى ');
INSERT INTO Brands (BrandID, BrandName) VALUES (52, 'بيجو ');
INSERT INTO Brands (BrandID, BrandName) VALUES (53, 'كابينة مزدوجه');
INSERT INTO Brands (BrandID, BrandName) VALUES (54, 'بيك أب');
INSERT INTO Brands (BrandID, BrandName) VALUES (55, 'دبابة');
INSERT INTO Brands (BrandID, BrandName) VALUES (56, 'تويوتا دبل كابينة');
INSERT INTO Brands (BrandID, BrandName) VALUES (57, 'نيسان كابينة واحدة');
INSERT INTO Brands (BrandID, BrandName) VALUES (58, 'ايسوزو كابينة واحدة ');
INSERT INTO Brands (BrandID, BrandName) VALUES (59, 'نيسان كابنة واحدة ');
INSERT INTO Brands (BrandID, BrandName) VALUES (60, 'بيجو 504');
INSERT INTO Brands (BrandID, BrandName) VALUES (61, 'شيفرولية كابينة واحدة ');
INSERT INTO Brands (BrandID, BrandName) VALUES (62, 'تويوتا دبل  كابينة ');
INSERT INTO Brands (BrandID, BrandName) VALUES (63, 'مازدا ');
INSERT INTO Brands (BrandID, BrandName) VALUES (64, 'شيفورليه  ');
INSERT INTO Brands (BrandID, BrandName) VALUES (65, 'سيارة نيسان D22  بيك اب مزدوجه');
INSERT INTO Brands (BrandID, BrandName) VALUES (66, 'سيارة نيسان 350');
INSERT INTO Brands (BrandID, BrandName) VALUES (67, 'تيوتا بيك اب');
INSERT INTO Brands (BrandID, BrandName) VALUES (68, 'سوزوكى');
INSERT INTO OperatingStatus (StatusID, StatusName) VALUES (1, 'تعمل');
INSERT INTO OperatingStatus (StatusID, StatusName) VALUES (2, 'لا تعمل');
INSERT INTO OperatingStatus (StatusID, StatusName) VALUES (3, 'يعمل');
INSERT INTO OperatingStatus (StatusID, StatusName) VALUES (4, 'تعمل ');
INSERT INTO OperatingStatus (StatusID, StatusName) VALUES (5, 'لا تعمل / تكهين تم عمل الاجراءات');
INSERT INTO OperatingStatus (StatusID, StatusName) VALUES (6, 'عاطل');
INSERT INTO OperatingStatus (StatusID, StatusName) VALUES (7, 'تعمل  ');
INSERT INTO OperatingStatus (StatusID, StatusName) VALUES (8, 'معطله');
INSERT INTO OperatingStatus (StatusID, StatusName) VALUES (9, 'تحتاج عمرة ماتور');
INSERT INTO OperatingStatus (StatusID, StatusName) VALUES (10, 'مارش + بطارية');

INSERT INTO Vehicles
(PlateNumber, WorkLocation, ModelYear, CarType, ChassisNumber, EngineNumber, CenterID, BrandID, StatusID)
VALUES
('4321 ل ود', 'مكتب المحافظ', 2019, 'ليموزين', '18727', '2373265', 1, 1, 1);


INSERT INTO Vehicles
(PlateNumber, WorkLocation, ModelYear, CarType, ChassisNumber, EngineNumber, CenterID, BrandID, StatusID)
VALUES
('4321 ل ن د', 'مكتب المحافظ', 2019, 'ليموزين', '650333', '597773', 1, 2, 1);


INSERT INTO Vehicles
(PlateNumber, WorkLocation, ModelYear, CarType, ChassisNumber, EngineNumber, CenterID, BrandID, StatusID)
VALUES
('2145 ل ع د', 'مكتب المحافظ', 2020, 'لموزين', '713400', '124', 1, 3, 1);


INSERT INTO Vehicles
(PlateNumber, WorkLocation, ModelYear, CarType, ChassisNumber, EngineNumber, CenterID, BrandID, StatusID)
VALUES
('2137 ل ع د', 'مكتب المحافظ', 2021, 'لموزين', '359148', '186039', 1, 4, 1);


INSERT INTO Vehicles
(PlateNumber, WorkLocation, ModelYear, CarType, ChassisNumber, EngineNumber, CenterID, BrandID, StatusID)
VALUES
('8574 ل س د', 'مكتب المحافظ', 2019, 'مزدوجة', '5896', '803364', 1, 5, 1);


INSERT INTO Vehicles
(PlateNumber, WorkLocation, ModelYear, CarType, ChassisNumber, EngineNumber, CenterID, BrandID, StatusID)
VALUES
('1529 ل ع د ', 'مكتب المحافظ', 2009, 'ميكروباص', '90058889', '1911487', 1, 6, 1);


INSERT INTO Vehicles
(PlateNumber, WorkLocation, ModelYear, CarType, ChassisNumber, EngineNumber, CenterID, BrandID, StatusID)
VALUES
('1589 ل ع د', 'مكتب المحافظ', 2009, 'ميكروباص', '940058930', '1911672', 1, 6, 1);


INSERT INTO Vehicles
(PlateNumber, WorkLocation, ModelYear, CarType, ChassisNumber, EngineNumber, CenterID, BrandID, StatusID)
VALUES
('1453 ل ع د', 'مكتب المحافظ', 2009, 'أتوبيس', '101031700', '604695', 1, 6, 1);


INSERT INTO Vehicles
(PlateNumber, WorkLocation, ModelYear, CarType, ChassisNumber, EngineNumber, CenterID, BrandID, StatusID)
VALUES
('2341ل ع د', 'مكتب المحافظ', 2022, 'فردى', '100226', '9006', 1, 7, 1);


INSERT INTO Vehicles
(PlateNumber, WorkLocation, ModelYear, CarType, ChassisNumber, EngineNumber, CenterID, BrandID, StatusID)
VALUES
('2318 ل ع د', 'مكتب المحافظ', 2022, 'فردي', '103858', '650481', 1, 7, 1);


INSERT INTO Vehicles
(PlateNumber, WorkLocation, ModelYear, CarType, ChassisNumber, EngineNumber, CenterID, BrandID, StatusID)
VALUES
('2178ل ع د', 'مكتب المحافظ', 2022, 'مزدوجة', '9703', '983060', 1, 5, 1);


INSERT INTO Vehicles
(PlateNumber, WorkLocation, ModelYear, CarType, ChassisNumber, EngineNumber, CenterID, BrandID, StatusID)
VALUES
('1376 ل ع د', 'مكتب المحافظ', 2010, 'مزدوجة', '703026384', '7865453', 1, 6, 1);


INSERT INTO Vehicles
(PlateNumber, WorkLocation, ModelYear, CarType, ChassisNumber, EngineNumber, CenterID, BrandID, StatusID)
VALUES
('2379ل ع د', 'مكتب المحافظ', 2022, 'مزدوجه', '5156428', '5203089', 1, 6, 1);


INSERT INTO Vehicles
(PlateNumber, WorkLocation, ModelYear, CarType, ChassisNumber, EngineNumber, CenterID, BrandID, StatusID)
VALUES
('2458 ل ع د', 'مكتب المحافظ', 2024, 'ليموزين', '1422521', '495496', 1, 8, 1);


INSERT INTO Vehicles
(PlateNumber, WorkLocation, ModelYear, CarType, ChassisNumber, EngineNumber, CenterID, BrandID, StatusID)
VALUES
('2456 ل ع د', 'معاون م / النائب', 2024, 'ليموزين', '148918', '494227', 1, 8, 1);


INSERT INTO Vehicles
(PlateNumber, WorkLocation, ModelYear, CarType, ChassisNumber, EngineNumber, CenterID, BrandID, StatusID)
VALUES
('2143 ل ع د ', 'مكتب نائب المحافظ', 2020, 'ميتسوبيشي ', '713412', '850167', 1, 9, 1);


INSERT INTO Vehicles
(PlateNumber, WorkLocation, ModelYear, CarType, ChassisNumber, EngineNumber, CenterID, BrandID, StatusID)
VALUES
('1864 ل ع د ', 'مكتب نائب المحافظ', 2002, 'مرسيدس ', '455595', '318556', 1, 9, 1);


INSERT INTO Vehicles
(PlateNumber, WorkLocation, ModelYear, CarType, ChassisNumber, EngineNumber, CenterID, BrandID, StatusID)
VALUES
('1698 ل ع د', 'مكتب نائب المحافظ', 2020, 'نيسان ', '7849', '938261', 1, 10, 1);


INSERT INTO Vehicles
(PlateNumber, WorkLocation, ModelYear, CarType, ChassisNumber, EngineNumber, CenterID, BrandID, StatusID)
VALUES
('2453 ل ع د', 'مكتب نائب المحافظ', 2024, 'سوزوكي', '1421349', '495334', 1, 11, 1);


INSERT INTO Vehicles
(PlateNumber, WorkLocation, ModelYear, CarType, ChassisNumber, EngineNumber, CenterID, BrandID, StatusID)
VALUES
('7312ل و أ', 'م السكرتير ', 2016, 'ليموزين', '9301422', '7987280', 1, 12, 1);


INSERT INTO Vehicles
(PlateNumber, WorkLocation, ModelYear, CarType, ChassisNumber, EngineNumber, CenterID, BrandID, StatusID)
VALUES
('1524 ل ع د', 'م/ السكرتير ', 2010, 'مزدوجة ', '503026349', '4864885', 1, 6, 1);


INSERT INTO Vehicles
(PlateNumber, WorkLocation, ModelYear, CarType, ChassisNumber, EngineNumber, CenterID, BrandID, StatusID)
VALUES
('1586 ل ع د', 'م/السكرتير', 2020, 'ليموزين', '299', '950820', 1, 5, 1);


INSERT INTO Vehicles
(PlateNumber, WorkLocation, ModelYear, CarType, ChassisNumber, EngineNumber, CenterID, BrandID, StatusID)
VALUES
('1648 ل ع د', 'م السكرتير العام المساعد', 2020, 'ليموزين ', '101311', '717837', 1, 5, 1);


INSERT INTO Vehicles
(PlateNumber, WorkLocation, ModelYear, CarType, ChassisNumber, EngineNumber, CenterID, BrandID, StatusID)
VALUES
('2345 ل ع د', 'م السكرتير العام المساعد', 2009, 'ليموزين', '94502665', '502665', 1, 13, 1);


INSERT INTO Vehicles
(PlateNumber, WorkLocation, ModelYear, CarType, ChassisNumber, EngineNumber, CenterID, BrandID, StatusID)
VALUES
('1367 ل ع د', 'م المستشار العسكري', 2010, 'مزدوجة', '103026378', '7865291', 1, 6, 1);


INSERT INTO Vehicles
(PlateNumber, WorkLocation, ModelYear, CarType, ChassisNumber, EngineNumber, CenterID, BrandID, StatusID)
VALUES
('1673 ل ع د', 'م المستشار العسكري', 2010, 'فردى', '9593', '865683', 1, 5, 1);


INSERT INTO Vehicles
(PlateNumber, WorkLocation, ModelYear, CarType, ChassisNumber, EngineNumber, CenterID, BrandID, StatusID)
VALUES
('1748 ل ع د', 'م المستشار العسكرى', 2010, 'فردى', '227000', '868276', 1, 5, 1);


INSERT INTO Vehicles
(PlateNumber, WorkLocation, ModelYear, CarType, ChassisNumber, EngineNumber, CenterID, BrandID, StatusID)
VALUES
('1374 ل ع د', 'محاجر', 2010, 'فردي', '9892', '868359', 1, 5, 1);


INSERT INTO Vehicles
(PlateNumber, WorkLocation, ModelYear, CarType, ChassisNumber, EngineNumber, CenterID, BrandID, StatusID)
VALUES
('1475 ل ع د', 'محاجر', 2008, 'فردي', '7101372', '582836', 1, 7, 1);


INSERT INTO Vehicles
(PlateNumber, WorkLocation, ModelYear, CarType, ChassisNumber, EngineNumber, CenterID, BrandID, StatusID)
VALUES
('1549 ل ع د', 'محاجر', 2005, 'مزدوجة', '16258', '92', 1, 14, 1);


INSERT INTO Vehicles
(PlateNumber, WorkLocation, ModelYear, CarType, ChassisNumber, EngineNumber, CenterID, BrandID, StatusID)
VALUES
('8567ل س د', 'م المستشار القانوني', 2019, 'مزدوجة', '5884', '801549', 1, 15, 1);


INSERT INTO Vehicles
(PlateNumber, WorkLocation, ModelYear, CarType, ChassisNumber, EngineNumber, CenterID, BrandID, StatusID)
VALUES
('8623 ل س د', 'ادارة المتغيرات', 2020, 'مزدوجة', '6531', '853828', 1, 5, 1);


INSERT INTO Vehicles
(PlateNumber, WorkLocation, ModelYear, CarType, ChassisNumber, EngineNumber, CenterID, BrandID, StatusID)
VALUES
('8621 ل س د', 'المتابعة الميدانية', 2020, 'مزدوجة', '6535', '853825', 1, 5, 1);


INSERT INTO Vehicles
(PlateNumber, WorkLocation, ModelYear, CarType, ChassisNumber, EngineNumber, CenterID, BrandID, StatusID)
VALUES
('2186ل ع د', 'المتابعة الميدانية', 2022, 'مزدوجة', '9693', '982180', 1, 5, 1);


INSERT INTO Vehicles
(PlateNumber, WorkLocation, ModelYear, CarType, ChassisNumber, EngineNumber, CenterID, BrandID, StatusID)
VALUES
('8619 ل س د', 'التفتيش المالى', 2020, 'مزدوجة', '6530', '853829', 1, 5, 1);


INSERT INTO Vehicles
(PlateNumber, WorkLocation, ModelYear, CarType, ChassisNumber, EngineNumber, CenterID, BrandID, StatusID)
VALUES
('2365 ل ع د', 'مركز التكنولوجيا', 2016, 'مزدوجة', '2917', '368389', 1, 5, 1);


INSERT INTO Vehicles
(PlateNumber, WorkLocation, ModelYear, CarType, ChassisNumber, EngineNumber, CenterID, BrandID, StatusID)
VALUES
('2184ل ع د ', 'نوبتجية مسائية', 2020, 'مزدوجة', '9689', '976085', 1, 5, 1);


INSERT INTO Vehicles
(PlateNumber, WorkLocation, ModelYear, CarType, ChassisNumber, EngineNumber, CenterID, BrandID, StatusID)
VALUES
('2187ل ع د', 'تخطيط عمراني', 2022, 'مزدوجة', '9691', '976095', 1, 5, 1);


INSERT INTO Vehicles
(PlateNumber, WorkLocation, ModelYear, CarType, ChassisNumber, EngineNumber, CenterID, BrandID, StatusID)
VALUES
('2189 ل ع د', 'إدارةالاعلام', 2022, 'مزدوجة', '9708', '983052', 1, 5, 1);


INSERT INTO Vehicles
(PlateNumber, WorkLocation, ModelYear, CarType, ChassisNumber, EngineNumber, CenterID, BrandID, StatusID)
VALUES
('1496 ل ع د', 'إدارة الاستثمار', 2007, 'فردي', '4326', '789271', 1, 5, 1);


INSERT INTO Vehicles
(PlateNumber, WorkLocation, ModelYear, CarType, ChassisNumber, EngineNumber, CenterID, BrandID, StatusID)
VALUES
('1375 ل ع د', 'إدارة الازمات', 2010, 'فردي', '9874', '868280', 1, 5, 1);


INSERT INTO Vehicles
(PlateNumber, WorkLocation, ModelYear, CarType, ChassisNumber, EngineNumber, CenterID, BrandID, StatusID)
VALUES
('2346 ل ع د', 'إدارة الشؤن الادارية', 2022, 'فردي', '209', '9125', 1, 16, 1);


INSERT INTO Vehicles
(PlateNumber, WorkLocation, ModelYear, CarType, ChassisNumber, EngineNumber, CenterID, BrandID, StatusID)
VALUES
('1365 ل ع د', 'مشرف العام للحدائق', 2008, 'فردي', '7101747', '584137', 1, 7, 1);


INSERT INTO Vehicles
(PlateNumber, WorkLocation, ModelYear, CarType, ChassisNumber, EngineNumber, CenterID, BrandID, StatusID)
VALUES
('1564 ل ع د', 'الموارد البشرية', 2008, 'فردي', 'nan', 'nan', 1, 7, 1);


INSERT INTO Vehicles
(PlateNumber, WorkLocation, ModelYear, CarType, ChassisNumber, EngineNumber, CenterID, BrandID, StatusID)
VALUES
('1697 ل ع د', 'علاقات عامة', 2003, 'ليموزين', '353669', '74353', 1, 17, 1);


INSERT INTO Vehicles
(PlateNumber, WorkLocation, ModelYear, CarType, ChassisNumber, EngineNumber, CenterID, BrandID, StatusID)
VALUES
('8532 ل س د', 'م مفوض الدولة معارة من ادارة مرور كفر الشيخ', 2015, 'ليموزين', '538186', '11164', 1, 18, 1);


INSERT INTO Vehicles
(PlateNumber, WorkLocation, ModelYear, CarType, ChassisNumber, EngineNumber, CenterID, BrandID, StatusID)
VALUES
('2317 ل ع د', 'مركز التكنولوجيا', 2021, 'ميكرو باص', '21814', '997687', 1, 19, 1);


INSERT INTO Vehicles
(PlateNumber, WorkLocation, ModelYear, CarType, ChassisNumber, EngineNumber, CenterID, BrandID, StatusID)
VALUES
('1597 ل ع د', 'الحملة', 1992, 'مزدوجة', '8104908', '181596', 1, 20, 1);


INSERT INTO Vehicles
(PlateNumber, WorkLocation, ModelYear, CarType, ChassisNumber, EngineNumber, CenterID, BrandID, StatusID)
VALUES
('2183 ل ع د', 'الحملة ', 2022, 'مزدوجة', '9692', '978416', 1, 5, 1);


INSERT INTO Vehicles
(PlateNumber, WorkLocation, ModelYear, CarType, ChassisNumber, EngineNumber, CenterID, BrandID, StatusID)
VALUES
('2435 ل ع د', 'الحملة', 2021, 'مزدوجة ', '9617', '973334', 1, 5, 1);


INSERT INTO Vehicles
(PlateNumber, WorkLocation, ModelYear, CarType, ChassisNumber, EngineNumber, CenterID, BrandID, StatusID)
VALUES
('2179ل ع د ', 'الحملة ', 2022, 'مزدوجة ', '9713', '983058', 1, 5, 1);


INSERT INTO Vehicles
(PlateNumber, WorkLocation, ModelYear, CarType, ChassisNumber, EngineNumber, CenterID, BrandID, StatusID)
VALUES
('2176 ل ع د ', 'الحملة ', 2022, 'مزدوجة', '9690', '976086', 1, 15, 1);


INSERT INTO Vehicles
(PlateNumber, WorkLocation, ModelYear, CarType, ChassisNumber, EngineNumber, CenterID, BrandID, StatusID)
VALUES
('2347ل ع د', 'الحملة ', 2022, 'مزدوجة', '9662', '976118', 1, 5, 1);


INSERT INTO Vehicles
(PlateNumber, WorkLocation, ModelYear, CarType, ChassisNumber, EngineNumber, CenterID, BrandID, StatusID)
VALUES
('1653  ل ع د', 'الحملة', 2020, 'مزدوجة', '6635', '858076', 1, 5, 1);


INSERT INTO Vehicles
(PlateNumber, WorkLocation, ModelYear, CarType, ChassisNumber, EngineNumber, CenterID, BrandID, StatusID)
VALUES
('1953 ل ع د', 'الحملة', 2016, 'مزدوجة', '2666', '630516', 1, 5, 1);


INSERT INTO Vehicles
(PlateNumber, WorkLocation, ModelYear, CarType, ChassisNumber, EngineNumber, CenterID, BrandID, StatusID)
VALUES
('1865 ل ع د', 'الاسواق', 2010, 'فردى', '9891', '868358', 1, 5, 1);


INSERT INTO Vehicles
(PlateNumber, WorkLocation, ModelYear, CarType, ChassisNumber, EngineNumber, CenterID, BrandID, StatusID)
VALUES
('1658 ل ع د', 'الموارد البشرية', 2009, 'فردي', '9613', '865829', 1, 5, 1);


INSERT INTO Vehicles
(PlateNumber, WorkLocation, ModelYear, CarType, ChassisNumber, EngineNumber, CenterID, BrandID, StatusID)
VALUES
('1749 ل ع د', 'الحملة', 2010, 'فردى', '9833', '868174', 1, 5, 1);


INSERT INTO Vehicles
(PlateNumber, WorkLocation, ModelYear, CarType, ChassisNumber, EngineNumber, CenterID, BrandID, StatusID)
VALUES
('1798 ل ع د', 'الحملة', 2010, 'فردى', '2270009872', '868276', 1, 5, 1);


INSERT INTO Vehicles
(PlateNumber, WorkLocation, ModelYear, CarType, ChassisNumber, EngineNumber, CenterID, BrandID, StatusID)
VALUES
('1562ل ع د', 'الحملة', 2007, 'فردى', '4544', '788683', 1, 5, 1);


INSERT INTO Vehicles
(PlateNumber, WorkLocation, ModelYear, CarType, ChassisNumber, EngineNumber, CenterID, BrandID, StatusID)
VALUES
('2459ل ع د', 'الحملة', 2022, 'فردي', '100223', '628977', 1, 7, 1);


INSERT INTO Vehicles
(PlateNumber, WorkLocation, ModelYear, CarType, ChassisNumber, EngineNumber, CenterID, BrandID, StatusID)
VALUES
('1523 ل ع د', 'الحملة', 2008, 'فردي', '7105957', '620178', 1, 7, 1);


INSERT INTO Vehicles
(PlateNumber, WorkLocation, ModelYear, CarType, ChassisNumber, EngineNumber, CenterID, BrandID, StatusID)
VALUES
('8593 ل س د', 'الحملة', 2019, 'فردى', '10741', '789801', 1, 5, 1);


INSERT INTO Vehicles
(PlateNumber, WorkLocation, ModelYear, CarType, ChassisNumber, EngineNumber, CenterID, BrandID, StatusID)
VALUES
('1372 ل ع د', 'الحملة', 2003, 'ليموزين', '354353', '76328', 1, 21, 1);


INSERT INTO Vehicles
(PlateNumber, WorkLocation, ModelYear, CarType, ChassisNumber, EngineNumber, CenterID, BrandID, StatusID)
VALUES
('1592 ل ع د', 'الحملة', 2003, 'ميكروباص', '174010401', '5293595', 1, 6, 1);


INSERT INTO Vehicles
(PlateNumber, WorkLocation, ModelYear, CarType, ChassisNumber, EngineNumber, CenterID, BrandID, StatusID)
VALUES
('1792 ل ع د', 'الحملة ', 2003, 'ميكروباص صغير', '107753', '1062251', 1, 8, 1);


INSERT INTO Vehicles
(PlateNumber, WorkLocation, ModelYear, CarType, ChassisNumber, EngineNumber, CenterID, BrandID, StatusID)
VALUES
('1867ل ع د', 'الحملة', 2003, 'ليموزين', '354354', '76263', 1, 17, 1);


INSERT INTO Vehicles
(PlateNumber, WorkLocation, ModelYear, CarType, ChassisNumber, EngineNumber, CenterID, BrandID, StatusID)
VALUES
('1978ل ع د', 'المنشة سيدى غازي', 2000, 'مزدوجة', '1887', '67575', 1, 22, 1);


INSERT INTO Vehicles
(PlateNumber, WorkLocation, ModelYear, CarType, ChassisNumber, EngineNumber, CenterID, BrandID, StatusID)
VALUES
('1647 ل ع د', 'قرية الروضة سيدي سالم', 1984, 'فردى', '6112615', '905458', 1, 23, 1);


INSERT INTO Vehicles
(PlateNumber, WorkLocation, ModelYear, CarType, ChassisNumber, EngineNumber, CenterID, BrandID, StatusID)
VALUES
('1593 ل ع د', 'مدينة الرياض', 1993, 'فردى ', '4107189', '208261', 1, 23, 1);


INSERT INTO Vehicles
(PlateNumber, WorkLocation, ModelYear, CarType, ChassisNumber, EngineNumber, CenterID, BrandID, StatusID)
VALUES
('1936 ل ع د', 'المرابعين', 2004, 'مزدوجة', '7121063', '989167', 1, 7, 1);


INSERT INTO Vehicles
(PlateNumber, WorkLocation, ModelYear, CarType, ChassisNumber, EngineNumber, CenterID, BrandID, StatusID)
VALUES
('1362 ل ع د', 'الورشة المركزية', 2005, 'فردى', '47105412', '178157', 1, 7, 1);


INSERT INTO Vehicles
(PlateNumber, WorkLocation, ModelYear, CarType, ChassisNumber, EngineNumber, CenterID, BrandID, StatusID)
VALUES
('1627 ل ع د', 'مصيف بلطيم', 1997, 'فردى', '7137384', '413312', 1, 22, 1);


INSERT INTO Vehicles
(PlateNumber, WorkLocation, ModelYear, CarType, ChassisNumber, EngineNumber, CenterID, BrandID, StatusID)
VALUES
('1385 ل ع د', 'قرية محلة موسى', 1999, 'مزدوجة', '13270', '620090', 1, 5, 1);


INSERT INTO Vehicles
(PlateNumber, WorkLocation, ModelYear, CarType, ChassisNumber, EngineNumber, CenterID, BrandID, StatusID)
VALUES
('2139 ل ع د', 'مركز الرياض', 2007, 'فردى', '45450', '788705', 1, 5, 1);


INSERT INTO Vehicles
(PlateNumber, WorkLocation, ModelYear, CarType, ChassisNumber, EngineNumber, CenterID, BrandID, StatusID)
VALUES
('1879 ل ع د', 'مركز قلين', 1999, 'مزدوجة', '136620', '619368', 1, 5, 1);


INSERT INTO Vehicles
(PlateNumber, WorkLocation, ModelYear, CarType, ChassisNumber, EngineNumber, CenterID, BrandID, StatusID)
VALUES
('1526 ل ع د', 'مدبول', 1995, 'مزدوجة', '7102451', '146874', 1, 22, 1);


INSERT INTO Vehicles
(PlateNumber, WorkLocation, ModelYear, CarType, ChassisNumber, EngineNumber, CenterID, BrandID, StatusID)
VALUES
('1659 ل ع د', 'التدخل السريع', 2006, 'مزدوجة', '397', '772987', 1, 5, 1);


INSERT INTO Vehicles
(PlateNumber, WorkLocation, ModelYear, CarType, ChassisNumber, EngineNumber, CenterID, BrandID, StatusID)
VALUES
('1452 ل ع د', 'مدينة مسير', 2008, 'فردى', '87101779', '585434', 1, 7, 1);


INSERT INTO Vehicles
(PlateNumber, WorkLocation, ModelYear, CarType, ChassisNumber, EngineNumber, CenterID, BrandID, StatusID)
VALUES
('1968 ل ع د', 'مشروع سيارات الاجرة', 1991, 'مزدوجة ', '8105979', '928598', 1, 7, 1);


INSERT INTO Vehicles
(PlateNumber, WorkLocation, ModelYear, CarType, ChassisNumber, EngineNumber, CenterID, BrandID, StatusID)
VALUES
('2413 ل ع د', 'مدينة مسير', 1995, 'مزدوجة', '7123216', '199152', 1, 20, 1);


INSERT INTO Vehicles
(PlateNumber, WorkLocation, ModelYear, CarType, ChassisNumber, EngineNumber, CenterID, BrandID, StatusID)
VALUES
('1982 ل ع د', 'مركز الرياض', 2010, 'فردى', '9861', '868192', 1, 5, 1);


INSERT INTO Vehicles
(PlateNumber, WorkLocation, ModelYear, CarType, ChassisNumber, EngineNumber, CenterID, BrandID, StatusID)
VALUES
('8479 ل ق ع', 'مركز الرياض', 2000, 'مزدوجة', '128211', '155110', 1, 24, 1);


INSERT INTO Vehicles
(PlateNumber, WorkLocation, ModelYear, CarType, ChassisNumber, EngineNumber, CenterID, BrandID, StatusID)
VALUES
('1637 ل ع د', 'المنطقة الصناعية بلطيم', 2005, 'فردى', '4705396', '178256', 1, 7, 1);


INSERT INTO Vehicles
(PlateNumber, WorkLocation, ModelYear, CarType, ChassisNumber, EngineNumber, CenterID, BrandID, StatusID)
VALUES
('1587 ل ع د', 'إدارة مرور كفر الشيخ', 2020, 'لموزين', '20098', '592386', 1, 5, 1);


INSERT INTO Vehicles
(PlateNumber, WorkLocation, ModelYear, CarType, ChassisNumber, EngineNumber, CenterID, BrandID, StatusID)
VALUES
('2195 ل ع د', 'إدارة الاملاك', 2020, 'مزدوجة', '9710', '983053', 1, 5, 1);


INSERT INTO Vehicles
(PlateNumber, WorkLocation, ModelYear, CarType, ChassisNumber, EngineNumber, CenterID, BrandID, StatusID)
VALUES
('7326 ل ب أ', 'مركز الحامول', 2000, 'مزدوجة', '100127992', '889935', 1, 24, 1);


INSERT INTO Vehicles
(PlateNumber, WorkLocation, ModelYear, CarType, ChassisNumber, EngineNumber, CenterID, BrandID, StatusID)
VALUES
('1798 ل ع د', 'مباحث التموين', 2010, 'فردى', '9856', '868153', 1, 5, 1);


INSERT INTO Vehicles
(PlateNumber, WorkLocation, ModelYear, CarType, ChassisNumber, EngineNumber, CenterID, BrandID, StatusID)
VALUES
('1527 ل ع د', 'مركز ومدينة دسوق', 1995, 'مزدوجة', '116011', '165322', 1, 20, 1);



INSERT INTO Vehicles
(PlateNumber, WorkLocation, ModelYear, CarType, ChassisNumber, EngineNumber, CenterID, BrandID, StatusID)
VALUES
('1874 ل ع د', 'م .م . كفر الشيخ', 1997, 'بيك اب', '7137063', '98550', 1, 20, 1);


INSERT INTO Vehicles
(PlateNumber, WorkLocation, ModelYear, CarType, ChassisNumber, EngineNumber, CenterID, BrandID, StatusID)
VALUES
('113 محافظه', 'م.م. سيدي غازى', 1983, 'بيك اب', '4750097', '228582', 1, 7, 1);


INSERT INTO Vehicles
(PlateNumber, WorkLocation, ModelYear, CarType, ChassisNumber, EngineNumber, CenterID, BrandID, StatusID)
VALUES
('8629 ل س د', 'م. م. كفر الشيخ', 2007, 'بيك اب', '4346', '788639', 1, 5, 1);


INSERT INTO Vehicles
(PlateNumber, WorkLocation, ModelYear, CarType, ChassisNumber, EngineNumber, CenterID, BrandID, StatusID)
VALUES
('1479 ل ع د', 'التدخل السريع', 2008, 'مفردة', '7101737', '584149', 1, 7, 1);


INSERT INTO Vehicles
(PlateNumber, WorkLocation, ModelYear, CarType, ChassisNumber, EngineNumber, CenterID, BrandID, StatusID)
VALUES
('1963ل ع د', 'سيدي غازي', 1991, 'مزدوجة', '7102283', '959216', 1, 7, 1);


INSERT INTO Vehicles
(PlateNumber, WorkLocation, ModelYear, CarType, ChassisNumber, EngineNumber, CenterID, BrandID, StatusID)
VALUES
('2135 ل ع د ', 'الرياض', 2007, 'بيك اب', '45450', '788705', 1, 5, 1);


INSERT INTO Vehicles
(PlateNumber, WorkLocation, ModelYear, CarType, ChassisNumber, EngineNumber, CenterID, BrandID, StatusID)
VALUES
('440 محافظة', 'م.م. كفر الشيخ', 2010, 'بيك اب', '9853', '868200', 1, 5, 1);


INSERT INTO Vehicles
(PlateNumber, WorkLocation, ModelYear, CarType, ChassisNumber, EngineNumber, CenterID, BrandID, StatusID)
VALUES
('1873 ل ع د', 'م.م. كفر الشيخ', 1985, 'بيك اب', '6592887', '769399', 1, 7, 1);


INSERT INTO Vehicles
(PlateNumber, WorkLocation, ModelYear, CarType, ChassisNumber, EngineNumber, CenterID, BrandID, StatusID)
VALUES
('2361 ل ع د', 'م.م. بيلا', 1983, 'مزدوجة', '15112', '2765987', 1, 6, 1);


INSERT INTO Vehicles
(PlateNumber, WorkLocation, ModelYear, CarType, ChassisNumber, EngineNumber, CenterID, BrandID, StatusID)
VALUES
('1948ل ب أ', 'م.م. فوة', 1984, 'مزدوجة', '65993292', '792882', 1, 7, 1);


INSERT INTO Vehicles
(PlateNumber, WorkLocation, ModelYear, CarType, ChassisNumber, EngineNumber, CenterID, BrandID, StatusID)
VALUES
('851 محافظة', 'م.م. كفر الشيخ', 1986, 'بيك اب', '4750100', '228591', 1, 7, 1);


INSERT INTO Vehicles
(PlateNumber, WorkLocation, ModelYear, CarType, ChassisNumber, EngineNumber, CenterID, BrandID, StatusID)
VALUES
('1928 ل ع د', 'وحدة الرصف كفر الشيخ', 1993, 'ليموزين نصر دوجان', '753415', '692103', 1, 25, 1);


INSERT INTO Vehicles
(PlateNumber, WorkLocation, ModelYear, CarType, ChassisNumber, EngineNumber, CenterID, BrandID, StatusID)
VALUES
('6972 ل ب أ', ' م.م. مطوبس', 1994, 'مزدوجة', '79240', '904256', 1, 7, 1);


INSERT INTO Vehicles
(PlateNumber, WorkLocation, ModelYear, CarType, ChassisNumber, EngineNumber, CenterID, BrandID, StatusID)
VALUES
('8617 ل س د', 'جهاز النظافة', 2020, 'مزدوجة', '6529', '853822', 1, 5, 1);


INSERT INTO Vehicles
(PlateNumber, WorkLocation, ModelYear, CarType, ChassisNumber, EngineNumber, CenterID, BrandID, StatusID)
VALUES
('1927 ل ع د', 'حديقة صنعاء', 2007, 'بيك اب', '4311', '788719', 1, 5, 1);


INSERT INTO Vehicles
(PlateNumber, WorkLocation, ModelYear, CarType, ChassisNumber, EngineNumber, CenterID, BrandID, StatusID)
VALUES
('4321ل ن د', 'رئاسة الوزراء', 2008, 'ملاكي', '18074', '981198', 1, 26, 1);


INSERT INTO Vehicles
(PlateNumber, WorkLocation, ModelYear, CarType, ChassisNumber, EngineNumber, CenterID, BrandID, StatusID)
VALUES
('8625ل ع د', 'مشروع مواقف الاجرة', 2003, 'ملاكي', 'nan', 'nan', 1, 27, 1);


INSERT INTO Vehicles
(PlateNumber, WorkLocation, ModelYear, CarType, ChassisNumber, EngineNumber, CenterID, BrandID, StatusID)
VALUES
('1854ل ع د', 'مديرية الاسكان', 2003, 'ملاكي', 'nan', 'nan', 1, 27, 1);


INSERT INTO Vehicles
(PlateNumber, WorkLocation, ModelYear, CarType, ChassisNumber, EngineNumber, CenterID, BrandID, StatusID)
VALUES
('ل ع د 1239', 'حي غرب', 2010, 'نيسان بيك أب', '9345', '865204', 2, 5, 1);


INSERT INTO Vehicles
(PlateNumber, WorkLocation, ModelYear, CarType, ChassisNumber, EngineNumber, CenterID, BrandID, StatusID)
VALUES
('ل ع د 1892', 'حي غرب', 2007, 'نيسان بيك أب', 'z0004522', '790198', 2, 5, 1);


INSERT INTO Vehicles
(PlateNumber, WorkLocation, ModelYear, CarType, ChassisNumber, EngineNumber, CenterID, BrandID, StatusID)
VALUES
('ل ع د 1783', 'حي غرب', 2010, 'نيسان بيك أب', 'z009743', '867969', 2, 5, 1);


INSERT INTO Vehicles
(PlateNumber, WorkLocation, ModelYear, CarType, ChassisNumber, EngineNumber, CenterID, BrandID, StatusID)
VALUES
('ل ع د 2193', 'حي غرب', 2007, 'نيسان بيك أب', 'x4523', '790208', 2, 5, 1);


INSERT INTO Vehicles
(PlateNumber, WorkLocation, ModelYear, CarType, ChassisNumber, EngineNumber, CenterID, BrandID, StatusID)
VALUES
('ل ع د 1438', 'حي غرب', 2015, 'نيسان بيك أب', '223818', '1326', 2, 5, 1);


INSERT INTO Vehicles
(PlateNumber, WorkLocation, ModelYear, CarType, ChassisNumber, EngineNumber, CenterID, BrandID, StatusID)
VALUES
('1423', 'حي شرق', 2010, 'تويوتا دبل كابينه  ', '302641', '786619', 2, 6, 1);


INSERT INTO Vehicles
(PlateNumber, WorkLocation, ModelYear, CarType, ChassisNumber, EngineNumber, CenterID, BrandID, StatusID)
VALUES
('8579', 'حي شرق', 2019, 'نيسان كابينه', '10742', '791629', 2, 5, 1);


INSERT INTO Vehicles
(PlateNumber, WorkLocation, ModelYear, CarType, ChassisNumber, EngineNumber, CenterID, BrandID, StatusID)
VALUES
('1728', 'حي شرق', 2010, 'نيسان كابينه', '9853', '868200', 2, 5, 1);


INSERT INTO Vehicles
(PlateNumber, WorkLocation, ModelYear, CarType, ChassisNumber, EngineNumber, CenterID, BrandID, StatusID)
VALUES
('1732', 'حي شرق', 2009, 'نيسان كابينه', '9617', '865837', 2, 5, 1);


INSERT INTO Vehicles
(PlateNumber, WorkLocation, ModelYear, CarType, ChassisNumber, EngineNumber, CenterID, BrandID, StatusID)
VALUES
('1724', 'حي شرق', 2010, 'نيسان كابينه', '9837', '26815', 2, 5, 1);


INSERT INTO Vehicles
(PlateNumber, WorkLocation, ModelYear, CarType, ChassisNumber, EngineNumber, CenterID, BrandID, StatusID)
VALUES
('2397', 'حي شرق', 2022, 'نيسان كابينه', '86598', '971481', 2, 5, 1);


INSERT INTO Vehicles
(PlateNumber, WorkLocation, ModelYear, CarType, ChassisNumber, EngineNumber, CenterID, BrandID, StatusID)
VALUES
('1569', 'حي شرق', 2007, 'نيسان كابينه', '270004913', '79942', 2, 5, 1);


INSERT INTO Vehicles
(PlateNumber, WorkLocation, ModelYear, CarType, ChassisNumber, EngineNumber, CenterID, BrandID, StatusID)
VALUES
('1874', 'حي شرق', 2004, 'نيسان كابينه', '7137063', '98550', 2, 5, 1);


INSERT INTO Vehicles
(PlateNumber, WorkLocation, ModelYear, CarType, ChassisNumber, EngineNumber, CenterID, BrandID, StatusID)
VALUES
('1397', 'حي شرق', 2015, 'شيفروليبه كابينه', '224830', '6674', 2, 16, 1);


INSERT INTO Vehicles
(PlateNumber, WorkLocation, ModelYear, CarType, ChassisNumber, EngineNumber, CenterID, BrandID, StatusID)
VALUES
('1439', 'حي شرق', 2015, 'شيفروليبه كابينه', '224831', '6050', 2, 16, 1);


INSERT INTO Vehicles
(PlateNumber, WorkLocation, ModelYear, CarType, ChassisNumber, EngineNumber, CenterID, BrandID, StatusID)
VALUES
('1794', 'حي شرق', 2015, 'شيفروليبه كابينه', '225025', '1139', 2, 16, 1);


INSERT INTO Vehicles
(PlateNumber, WorkLocation, ModelYear, CarType, ChassisNumber, EngineNumber, CenterID, BrandID, StatusID)
VALUES
('2451', 'حي شرق', 2024, 'سوزوكى ملاكى  ', '495409', '1402098', 2, 8, 1);


INSERT INTO Vehicles
(PlateNumber, WorkLocation, ModelYear, CarType, ChassisNumber, EngineNumber, CenterID, BrandID, StatusID)
VALUES
('2197', 'حي شرق', 2001, 'سوزوكى فطوطه ', '107746', '1062246', 2, 8, 1);


INSERT INTO Vehicles
(PlateNumber, WorkLocation, ModelYear, CarType, ChassisNumber, EngineNumber, CenterID, BrandID, StatusID)
VALUES
('1576', 'حي شرق', 2013, 'فطوطه صينى', '450436', '87215', 2, 16, 1);


INSERT INTO Vehicles
(PlateNumber, WorkLocation, ModelYear, CarType, ChassisNumber, EngineNumber, CenterID, BrandID, StatusID)
VALUES
('1596', 'حي شرق', 2017, 'باندا كابينه', '900306', '62423', 2, 28, 2);


INSERT INTO Vehicles
(PlateNumber, WorkLocation, ModelYear, CarType, ChassisNumber, EngineNumber, CenterID, BrandID, StatusID)
VALUES
('7493', 'حى شمال', 2017, 'كابينه واحده', '837652', '2698', 3, 29, 1);


INSERT INTO Vehicles
(PlateNumber, WorkLocation, ModelYear, CarType, ChassisNumber, EngineNumber, CenterID, BrandID, StatusID)
VALUES
('7495', 'حى شمال', 2017, 'كابينه واحده', '837633', '1655', 3, 29, 1);


INSERT INTO Vehicles
(PlateNumber, WorkLocation, ModelYear, CarType, ChassisNumber, EngineNumber, CenterID, BrandID, StatusID)
VALUES
('7519', 'حى شمال', 2015, 'كابينه واحده', '383389', '7246', 3, 29, 1);


INSERT INTO Vehicles
(PlateNumber, WorkLocation, ModelYear, CarType, ChassisNumber, EngineNumber, CenterID, BrandID, StatusID)
VALUES
('7521', 'حى شمال', 2010, 'كابينه واحده', '9860', '868190', 3, 5, 1);


INSERT INTO Vehicles
(PlateNumber, WorkLocation, ModelYear, CarType, ChassisNumber, EngineNumber, CenterID, BrandID, StatusID)
VALUES
('7541', 'حى شمال', 2010, 'كابينه واحده', '98091', '898177', 3, 5, 1);


INSERT INTO Vehicles
(PlateNumber, WorkLocation, ModelYear, CarType, ChassisNumber, EngineNumber, CenterID, BrandID, StatusID)
VALUES
('6937', 'حى شمال', 1997, 'كابينه مزدوجه', '116011', '165322', 3, 30, 1);


INSERT INTO Vehicles
(PlateNumber, WorkLocation, ModelYear, CarType, ChassisNumber, EngineNumber, CenterID, BrandID, StatusID)
VALUES
('7561', 'حى جنوب', 2020, 'كابينه واحده', '1643/61053630', '1082704', 3, 31, 1);


INSERT INTO Vehicles
(PlateNumber, WorkLocation, ModelYear, CarType, ChassisNumber, EngineNumber, CenterID, BrandID, StatusID)
VALUES
('7459', 'حى جنوب', 2017, 'كابينه واحده', '16310170117', '1013419', 3, 31, 1);


INSERT INTO Vehicles
(PlateNumber, WorkLocation, ModelYear, CarType, ChassisNumber, EngineNumber, CenterID, BrandID, StatusID)
VALUES
('7531', 'حى جنوب', 2013, 'كابينه واحده', '854898', '906985', 3, 26, 1);


INSERT INTO Vehicles
(PlateNumber, WorkLocation, ModelYear, CarType, ChassisNumber, EngineNumber, CenterID, BrandID, StatusID)
VALUES
('15267', 'حى جنوب', 2013, 'كابينه واحده', '684461/9525021', '977327', 3, 31, 1);


INSERT INTO Vehicles
(PlateNumber, WorkLocation, ModelYear, CarType, ChassisNumber, EngineNumber, CenterID, BrandID, StatusID)
VALUES
('بدون', 'حى جنوب', 2013, 'كابينه واحده', '700701', '985946', 3, 31, 1);


INSERT INTO Vehicles
(PlateNumber, WorkLocation, ModelYear, CarType, ChassisNumber, EngineNumber, CenterID, BrandID, StatusID)
VALUES
('7536', 'حى جنوب', 2020, 'كابينه واحده', '8022', '23556', 3, 32, 1);


INSERT INTO Vehicles
(PlateNumber, WorkLocation, ModelYear, CarType, ChassisNumber, EngineNumber, CenterID, BrandID, StatusID)
VALUES
('6938', 'حى جنوب', 2013, 'كابينه واحده', '2535', '46234', 3, 32, 1);


INSERT INTO Vehicles
(PlateNumber, WorkLocation, ModelYear, CarType, ChassisNumber, EngineNumber, CenterID, BrandID, StatusID)
VALUES
('6978', 'حى جنوب', 2024, 'كابينه واحده', '10827', '91639', 3, 32, 1);


INSERT INTO Vehicles
(PlateNumber, WorkLocation, ModelYear, CarType, ChassisNumber, EngineNumber, CenterID, BrandID, StatusID)
VALUES
('6958', 'حى جنوب', 2021, 'كابينه واحده', '10207', '66634', 3, 32, 1);


INSERT INTO Vehicles
(PlateNumber, WorkLocation, ModelYear, CarType, ChassisNumber, EngineNumber, CenterID, BrandID, StatusID)
VALUES
('7492', 'حى جنوب', 2019, 'كابينه واحده', '7362', '11992', 3, 32, 1);


INSERT INTO Vehicles
(PlateNumber, WorkLocation, ModelYear, CarType, ChassisNumber, EngineNumber, CenterID, BrandID, StatusID)
VALUES
('6934', 'حى جنوب', 2011, 'كابينه واحده', '7098', '67670', 3, 32, 1);


INSERT INTO Vehicles
(PlateNumber, WorkLocation, ModelYear, CarType, ChassisNumber, EngineNumber, CenterID, BrandID, StatusID)
VALUES
('1537', 'حى جنوب', 2014, 'كابينه واحده', '5777', '43309', 3, 32, 1);


INSERT INTO Vehicles
(PlateNumber, WorkLocation, ModelYear, CarType, ChassisNumber, EngineNumber, CenterID, BrandID, StatusID)
VALUES
('6932', 'حى جنوب', 2010, 'كابينه واحده', '23713', '765669', 3, 33, 1);


INSERT INTO Vehicles
(PlateNumber, WorkLocation, ModelYear, CarType, ChassisNumber, EngineNumber, CenterID, BrandID, StatusID)
VALUES
('15238', 'حى جنوب', 2014, 'كابينه واحده', '76654', '2369', 3, 33, 1);


INSERT INTO Vehicles
(PlateNumber, WorkLocation, ModelYear, CarType, ChassisNumber, EngineNumber, CenterID, BrandID, StatusID)
VALUES
('7358 ل ب أ ', 'المدينة', 2010, 'تويتا دبل كبينة', '3026405', '7865643', 4, 6, 3);


INSERT INTO Vehicles
(PlateNumber, WorkLocation, ModelYear, CarType, ChassisNumber, EngineNumber, CenterID, BrandID, StatusID)
VALUES
('7398 ل ب ا', 'المدينة', 2010, 'نيسان كابينة مفرد', '9638', '867678', 4, 5, 3);


INSERT INTO Vehicles
(PlateNumber, WorkLocation, ModelYear, CarType, ChassisNumber, EngineNumber, CenterID, BrandID, StatusID)
VALUES
('7412 ل ب ا', 'المدينة', 2010, 'نيسان كابينة مفرد', '9739', '867751', 4, 5, 3);


INSERT INTO Vehicles
(PlateNumber, WorkLocation, ModelYear, CarType, ChassisNumber, EngineNumber, CenterID, BrandID, StatusID)
VALUES
('9258 ل ط د', 'المدينة', 2000, 'نيسان قلاب 4/1طن', '2968', '567579', 4, 5, 3);


INSERT INTO Vehicles
(PlateNumber, WorkLocation, ModelYear, CarType, ChassisNumber, EngineNumber, CenterID, BrandID, StatusID)
VALUES
('7326 ل ب ا', 'المدينة', 2000, 'مازدا دبل كابينة', '100127992', '889935', 4, 24, 3);


INSERT INTO Vehicles
(PlateNumber, WorkLocation, ModelYear, CarType, ChassisNumber, EngineNumber, CenterID, BrandID, StatusID)
VALUES
('7385 ل ب أ', 'الزعفران', 1997, 'شيفرولية ', '7125951', '361531', 4, 34, 3);


INSERT INTO Vehicles
(PlateNumber, WorkLocation, ModelYear, CarType, ChassisNumber, EngineNumber, CenterID, BrandID, StatusID)
VALUES
('7395 ل ب أ', 'التفتيش', 2009, 'نيسان ', '9586', '865406', 4, 5, 3);


INSERT INTO Vehicles
(PlateNumber, WorkLocation, ModelYear, CarType, ChassisNumber, EngineNumber, CenterID, BrandID, StatusID)
VALUES
('7382 ل ب أ', 'الابعادية', 2010, 'نيسان', '9626', '836381', 4, 5, 3);


INSERT INTO Vehicles
(PlateNumber, WorkLocation, ModelYear, CarType, ChassisNumber, EngineNumber, CenterID, BrandID, StatusID)
VALUES
('8932  ل ط د', 'غرب تيره', 2010, 'سيارة نيسان', '909341', '865233', 4, 5, 3);


INSERT INTO Vehicles
(PlateNumber, WorkLocation, ModelYear, CarType, ChassisNumber, EngineNumber, CenterID, BrandID, StatusID)
VALUES
('7421 ل ب ا', 'الحرية 61', 2014, 'سيارة نيسان', '287', '518114T', 4, 5, 3);


INSERT INTO Vehicles
(PlateNumber, WorkLocation, ModelYear, CarType, ChassisNumber, EngineNumber, CenterID, BrandID, StatusID)
VALUES
('8925ل ط د', 'السحايت', 2010, 'سيارة نيسان', '9344', '865202', 4, 5, 3);


INSERT INTO Vehicles
(PlateNumber, WorkLocation, ModelYear, CarType, ChassisNumber, EngineNumber, CenterID, BrandID, StatusID)
VALUES
('9286 ل ط د', 'البنا', 2001, 'سيارة ميتسوبيشي', '6030', '2406201', 4, 14, 3);


INSERT INTO Vehicles
(PlateNumber, WorkLocation, ModelYear, CarType, ChassisNumber, EngineNumber, CenterID, BrandID, StatusID)
VALUES
('ل ط د 8964', 'الحجر', 2003, 'شيفرولية', '7154912', '7409', 4, 7, 3);


INSERT INTO Vehicles
(PlateNumber, WorkLocation, ModelYear, CarType, ChassisNumber, EngineNumber, CenterID, BrandID, StatusID)
VALUES
('9231', 'مجلس مدينة بلطيم', 2010, 'بيك اب', '9646', '867669', 5, 35, 1);


INSERT INTO Vehicles
(PlateNumber, WorkLocation, ModelYear, CarType, ChassisNumber, EngineNumber, CenterID, BrandID, StatusID)
VALUES
('9245', 'مجلس مدينة بلطيم', 2005, 'بيك اب', '456', '759445', 5, 35, 1);


INSERT INTO Vehicles
(PlateNumber, WorkLocation, ModelYear, CarType, ChassisNumber, EngineNumber, CenterID, BrandID, StatusID)
VALUES
('9251', 'مجلس مدينة بلطيم', 2005, 'بيك اب', '470', '758341', 5, 35, 1);


INSERT INTO Vehicles
(PlateNumber, WorkLocation, ModelYear, CarType, ChassisNumber, EngineNumber, CenterID, BrandID, StatusID)
VALUES
('9267', 'مجلس مدينة بلطيم', 2007, 'بيك اب', '4646', '791164', 5, 35, 1);


INSERT INTO Vehicles
(PlateNumber, WorkLocation, ModelYear, CarType, ChassisNumber, EngineNumber, CenterID, BrandID, StatusID)
VALUES
('9246', 'مجلس مدينة بلطيم', 2001, 'ميني باص', '107752', '3062252', 5, 8, 2);


INSERT INTO Vehicles
(PlateNumber, WorkLocation, ModelYear, CarType, ChassisNumber, EngineNumber, CenterID, BrandID, StatusID)
VALUES
('7432', 'مجلس مدينة بلطيم', 2010, 'بيك اب مزدوجه', '903026306', '786415', 5, 6, 4);


INSERT INTO Vehicles
(PlateNumber, WorkLocation, ModelYear, CarType, ChassisNumber, EngineNumber, CenterID, BrandID, StatusID)
VALUES
('9248', 'قرية بر بحري', 2010, 'بيك اب', '9741', '867883', 5, 35, 1);


INSERT INTO Vehicles
(PlateNumber, WorkLocation, ModelYear, CarType, ChassisNumber, EngineNumber, CenterID, BrandID, StatusID)
VALUES
('9265', 'قرية الزهراء', 2002, 'بيك اب', '2200935', '652807', 5, 35, 1);


INSERT INTO Vehicles
(PlateNumber, WorkLocation, ModelYear, CarType, ChassisNumber, EngineNumber, CenterID, BrandID, StatusID)
VALUES
('9243', 'قرية الربع', 2016, 'بيك اب', '6748', '615278', 5, 35, 1);


INSERT INTO Vehicles
(PlateNumber, WorkLocation, ModelYear, CarType, ChassisNumber, EngineNumber, CenterID, BrandID, StatusID)
VALUES
('9237', 'قرية الساحل القبلي', 2004, 'بيك اب', '2201054', '647087', 5, 35, 1);


INSERT INTO Vehicles
(PlateNumber, WorkLocation, ModelYear, CarType, ChassisNumber, EngineNumber, CenterID, BrandID, StatusID)
VALUES
('8946', 'قرية الشهابية', 2010, 'بيك اب', '9631', '867538', 5, 35, 1);


INSERT INTO Vehicles
(PlateNumber, WorkLocation, ModelYear, CarType, ChassisNumber, EngineNumber, CenterID, BrandID, StatusID)
VALUES
('1495', 'قرية الشيخ مبارك', 2007, 'بيك اب', '4330', '789278', 5, 35, 1);


INSERT INTO Vehicles
(PlateNumber, WorkLocation, ModelYear, CarType, ChassisNumber, EngineNumber, CenterID, BrandID, StatusID)
VALUES
('9256', 'تكهين', 2002, 'بيك اب', '2200902', '650498', 5, 35, 5);


INSERT INTO Vehicles
(PlateNumber, WorkLocation, ModelYear, CarType, ChassisNumber, EngineNumber, CenterID, BrandID, StatusID)
VALUES
('6954', 'فوه', 2015, 'مرسيدس 20طن', '935548', '962883', 6, 26, 1);


INSERT INTO Vehicles
(PlateNumber, WorkLocation, ModelYear, CarType, ChassisNumber, EngineNumber, CenterID, BrandID, StatusID)
VALUES
('7148', 'فوه', 2017, 'مرسيدس 20طن', '34846', '5960', 6, 26, 1);


INSERT INTO Vehicles
(PlateNumber, WorkLocation, ModelYear, CarType, ChassisNumber, EngineNumber, CenterID, BrandID, StatusID)
VALUES
('3254', 'فوه', 2013, 'متسوبيشى5طن', '1954', '24240', 6, 32, 1);


INSERT INTO Vehicles
(PlateNumber, WorkLocation, ModelYear, CarType, ChassisNumber, EngineNumber, CenterID, BrandID, StatusID)
VALUES
('7145', 'فوه', 2013, 'متسوبيشى5طن', '1950', '24236', 6, 32, 1);


INSERT INTO Vehicles
(PlateNumber, WorkLocation, ModelYear, CarType, ChassisNumber, EngineNumber, CenterID, BrandID, StatusID)
VALUES
('6984', 'فوه', 2012, 'متسوبيشى5طن', '1789', '86183', 6, 32, 1);


INSERT INTO Vehicles
(PlateNumber, WorkLocation, ModelYear, CarType, ChassisNumber, EngineNumber, CenterID, BrandID, StatusID)
VALUES
('3245', 'فوه', 2021, 'متسوبيشى5طن', '9065', '52399', 6, 32, 1);


INSERT INTO Vehicles
(PlateNumber, WorkLocation, ModelYear, CarType, ChassisNumber, EngineNumber, CenterID, BrandID, StatusID)
VALUES
('3258', 'فوه', 2023, 'متسوبيشى5طن', '10063', '95821', 6, 32, 1);


INSERT INTO Vehicles
(PlateNumber, WorkLocation, ModelYear, CarType, ChassisNumber, EngineNumber, CenterID, BrandID, StatusID)
VALUES
('3261', 'فوه', 2023, 'متسوبيشى5طن', '10061', '65817', 6, 32, 1);


INSERT INTO Vehicles
(PlateNumber, WorkLocation, ModelYear, CarType, ChassisNumber, EngineNumber, CenterID, BrandID, StatusID)
VALUES
('6931', 'فوه', 2008, 'ايسوزو5طن', '8722448', '674286', 6, 20, 1);


INSERT INTO Vehicles
(PlateNumber, WorkLocation, ModelYear, CarType, ChassisNumber, EngineNumber, CenterID, BrandID, StatusID)
VALUES
('3265', 'فوه', 20008, 'ايسوزو5طن', '22202', '673017', 6, 20, 1);


INSERT INTO Vehicles
(PlateNumber, WorkLocation, ModelYear, CarType, ChassisNumber, EngineNumber, CenterID, BrandID, StatusID)
VALUES
('7125', 'فوه', 2008, 'ايسوزو5طن', '105959', '605319', 6, 20, 6);


INSERT INTO Vehicles
(PlateNumber, WorkLocation, ModelYear, CarType, ChassisNumber, EngineNumber, CenterID, BrandID, StatusID)
VALUES
('7129', 'فوه', 2014, 'ايسوزو شيفروليه سلم كهرباء', '5710', '57103728', 6, 36, 1);


INSERT INTO Vehicles
(PlateNumber, WorkLocation, ModelYear, CarType, ChassisNumber, EngineNumber, CenterID, BrandID, StatusID)
VALUES
('3259', 'فوه', 2023, 'متسوبيشى سلم كهرباء', '10202', '66541', 6, 32, 1);


INSERT INTO Vehicles
(PlateNumber, WorkLocation, ModelYear, CarType, ChassisNumber, EngineNumber, CenterID, BrandID, StatusID)
VALUES
('3219', 'فوه', 2021, 'متسوبيشى فنطاس', '8670', '46319', 6, 32, 1);


INSERT INTO Vehicles
(PlateNumber, WorkLocation, ModelYear, CarType, ChassisNumber, EngineNumber, CenterID, BrandID, StatusID)
VALUES
('3241', 'فوه', 2021, 'مرسيدس فنطاس 10طن', '1319412', '1319412', 6, 26, 1);


INSERT INTO Vehicles
(PlateNumber, WorkLocation, ModelYear, CarType, ChassisNumber, EngineNumber, CenterID, BrandID, StatusID)
VALUES
('6937', 'فوه', 2010, 'تويوتا هاى لوكس', '403026407', '78065585', 6, 6, 1);


INSERT INTO Vehicles
(PlateNumber, WorkLocation, ModelYear, CarType, ChassisNumber, EngineNumber, CenterID, BrandID, StatusID)
VALUES
('6948', 'فوه', 1984, 'شيفرولية2كابينة', '6599392', '7928820', 6, 16, 1);


INSERT INTO Vehicles
(PlateNumber, WorkLocation, ModelYear, CarType, ChassisNumber, EngineNumber, CenterID, BrandID, StatusID)
VALUES
('7135', 'فوه', 2010, 'نيسان', '9887', '868348', 6, 5, 1);


INSERT INTO Vehicles
(PlateNumber, WorkLocation, ModelYear, CarType, ChassisNumber, EngineNumber, CenterID, BrandID, StatusID)
VALUES
('7128', 'فوه', 2000, 'ميكروباص', '107756', '162278', 6, 37, 6);


INSERT INTO Vehicles
(PlateNumber, WorkLocation, ModelYear, CarType, ChassisNumber, EngineNumber, CenterID, BrandID, StatusID)
VALUES
('6953', 'فوه', 2003, 'باندا', '150144', '1900102', 6, 28, 6);


INSERT INTO Vehicles
(PlateNumber, WorkLocation, ModelYear, CarType, ChassisNumber, EngineNumber, CenterID, BrandID, StatusID)
VALUES
('1452 ل . ع .ل', 'مدينة مسير', 2008, 'كابينة فردى', '17101779', '585434', 7, 38, 1);


INSERT INTO Vehicles
(PlateNumber, WorkLocation, ModelYear, CarType, ChassisNumber, EngineNumber, CenterID, BrandID, StatusID)
VALUES
('2314 ل . ع .د', 'مدينة مسير', 2005, 'كابينة مزدوج', '253', '766035', 7, 5, 1);


INSERT INTO Vehicles
(PlateNumber, WorkLocation, ModelYear, CarType, ChassisNumber, EngineNumber, CenterID, BrandID, StatusID)
VALUES
('2413 ل . ع.د', 'مدينة مسير', 95, 'كابينة مزدوج', '7123216', '199152', 7, 39, 1);


INSERT INTO Vehicles
(PlateNumber, WorkLocation, ModelYear, CarType, ChassisNumber, EngineNumber, CenterID, BrandID, StatusID)
VALUES
('ل س د 9832', 'متابعه وتموين واشغالات', 2022, 'ركوب', '9694', '976092', 8, 40, 7);


INSERT INTO Vehicles
(PlateNumber, WorkLocation, ModelYear, CarType, ChassisNumber, EngineNumber, CenterID, BrandID, StatusID)
VALUES
(' ل س د 1879', '0', 1999, 'ركوب', '136620', '619368', 8, 40, 8);


INSERT INTO Vehicles
(PlateNumber, WorkLocation, ModelYear, CarType, ChassisNumber, EngineNumber, CenterID, BrandID, StatusID)
VALUES
('ل س د 9834', 'رئيس المدينه', 2010, 'ركوب', '2003026390', '8765459', 8, 41, 7);


INSERT INTO Vehicles
(PlateNumber, WorkLocation, ModelYear, CarType, ChassisNumber, EngineNumber, CenterID, BrandID, StatusID)
VALUES
('ل س د  9854', 'نائب رئيس المركز والمدينه', 2009, 'ركوب', 'z0009572', '865216', 8, 42, 7);


INSERT INTO Vehicles
(PlateNumber, WorkLocation, ModelYear, CarType, ChassisNumber, EngineNumber, CenterID, BrandID, StatusID)
VALUES
(' ل س د  9827', 'قريه الحريه', 2009, 'ركوب', '9622', '865832', 8, 43, 7);


INSERT INTO Vehicles
(PlateNumber, WorkLocation, ModelYear, CarType, ChassisNumber, EngineNumber, CenterID, BrandID, StatusID)
VALUES
(' ل س د  9817', 'قريه قونه', 2010, 'ركوب', '9635', '867556', 8, 44, 7);


INSERT INTO Vehicles
(PlateNumber, WorkLocation, ModelYear, CarType, ChassisNumber, EngineNumber, CenterID, BrandID, StatusID)
VALUES
(' ل س د  9847', 'قريه البكاتوش', 1987, 'ركوب', '6199862', '893250', 8, 45, 7);


INSERT INTO Vehicles
(PlateNumber, WorkLocation, ModelYear, CarType, ChassisNumber, EngineNumber, CenterID, BrandID, StatusID)
VALUES
(' ل س د  9814', 'قريه شباس', 2010, 'ركوب', '9654', '867668', 8, 44, 7);


INSERT INTO Vehicles
(PlateNumber, WorkLocation, ModelYear, CarType, ChassisNumber, EngineNumber, CenterID, BrandID, StatusID)
VALUES
(' ل س د  9824', 'قريه الحصه', 1999, 'ركوب', '6683', '2827', 8, 46, 8);


INSERT INTO Vehicles
(PlateNumber, WorkLocation, ModelYear, CarType, ChassisNumber, EngineNumber, CenterID, BrandID, StatusID)
VALUES
(' ل س د  9823', 'قريه المرازقه', 2010, 'ركوب', '20009731', '867886', 8, 44, 7);


INSERT INTO Vehicles
(PlateNumber, WorkLocation, ModelYear, CarType, ChassisNumber, EngineNumber, CenterID, BrandID, StatusID)
VALUES
(' ل س د  9846', 'قريه ميت الديبه', 2009, 'ركوب', '9343', '865238', 8, 44, 7);


INSERT INTO Vehicles
(PlateNumber, WorkLocation, ModelYear, CarType, ChassisNumber, EngineNumber, CenterID, BrandID, StatusID)
VALUES
(' ل س د  9825', 'قريه المنشاه', 1993, 'ركوب', '8106872', '803563', 8, 47, 7);


INSERT INTO Vehicles
(PlateNumber, WorkLocation, ModelYear, CarType, ChassisNumber, EngineNumber, CenterID, BrandID, StatusID)
VALUES
(' ل س د  9816', 'ملاريا', 2003, 'ملاريا', '44067', '1900087', 8, 48, 7);


INSERT INTO Vehicles
(PlateNumber, WorkLocation, ModelYear, CarType, ChassisNumber, EngineNumber, CenterID, BrandID, StatusID)
VALUES
('7238', 'مدينة سيدى سالم', 2003, 'بك اب فردى', '10030', '2911', 9, 49, 1);


INSERT INTO Vehicles
(PlateNumber, WorkLocation, ModelYear, CarType, ChassisNumber, EngineNumber, CenterID, BrandID, StatusID)
VALUES
('7184', 'مدينة سيدى سالم', 2009, 'بك أب فردى', '9615', '865827', 9, 5, 1);


INSERT INTO Vehicles
(PlateNumber, WorkLocation, ModelYear, CarType, ChassisNumber, EngineNumber, CenterID, BrandID, StatusID)
VALUES
('7194', 'مدينة سيدى سالم', 2009, 'بك اب', '903026547', '7868114', 9, 50, 1);


INSERT INTO Vehicles
(PlateNumber, WorkLocation, ModelYear, CarType, ChassisNumber, EngineNumber, CenterID, BrandID, StatusID)
VALUES
('7268', 'مدينة سيدى سالم', 2000, 'ثمناية', '107757', '1062247', 9, 51, 9);


INSERT INTO Vehicles
(PlateNumber, WorkLocation, ModelYear, CarType, ChassisNumber, EngineNumber, CenterID, BrandID, StatusID)
VALUES
('7263', 'مدينة سيدى سالم', 1977, 'صالون', '2468446', '2468446', 9, 52, 1);


INSERT INTO Vehicles
(PlateNumber, WorkLocation, ModelYear, CarType, ChassisNumber, EngineNumber, CenterID, BrandID, StatusID)
VALUES
('1472', 'مدينة سيدى سالم', 2010, 'بك اب فردى', '10414', '877572', 9, 15, 1);


INSERT INTO Vehicles
(PlateNumber, WorkLocation, ModelYear, CarType, ChassisNumber, EngineNumber, CenterID, BrandID, StatusID)
VALUES
('8723', 'مدينة سيدى سالم', 2000, 'بك اب فردى', '150158', '1900120', 9, 28, 10);


INSERT INTO Vehicles
(PlateNumber, WorkLocation, ModelYear, CarType, ChassisNumber, EngineNumber, CenterID, BrandID, StatusID)
VALUES
('ل ط د 7241', 'مدينه برج البرلس', 2022, 'شيفرولية', '976094', 'XNE009696', 10, 53, 1);


INSERT INTO Vehicles
(PlateNumber, WorkLocation, ModelYear, CarType, ChassisNumber, EngineNumber, CenterID, BrandID, StatusID)
VALUES
('ل ب أ 7428', 'مدينه برج البرلس', 2015, 'شيفرولية', '224549', '9830', 10, 54, 1);


INSERT INTO Vehicles
(PlateNumber, WorkLocation, ModelYear, CarType, ChassisNumber, EngineNumber, CenterID, BrandID, StatusID)
VALUES
('ل ط د 8903', 'مدينه برج البرلس', 2015, 'شيفرولية', '261242', '3439', 10, 54, 1);


INSERT INTO Vehicles
(PlateNumber, WorkLocation, ModelYear, CarType, ChassisNumber, EngineNumber, CenterID, BrandID, StatusID)
VALUES
('ل ط د 8967', 'مدينه برج البرلس', 2019, 'نيسان', '9637', '68757', 10, 54, 1);


INSERT INTO Vehicles
(PlateNumber, WorkLocation, ModelYear, CarType, ChassisNumber, EngineNumber, CenterID, BrandID, StatusID)
VALUES
('ل ط د9312', 'مصيف بلطيم', 2010, 'كابينة مزدوجة', '903026337', '7864554', 11, 6, 1);


INSERT INTO Vehicles
(PlateNumber, WorkLocation, ModelYear, CarType, ChassisNumber, EngineNumber, CenterID, BrandID, StatusID)
VALUES
('ل ط د8942', 'مصيف بلطيم', 2008, 'بيك أب', '7115367', '575056', 11, 55, 1);


INSERT INTO Vehicles
(PlateNumber, WorkLocation, ModelYear, CarType, ChassisNumber, EngineNumber, CenterID, BrandID, StatusID)
VALUES
('ل ب أ7435', 'مصيف بلطيم', 2010, 'بيك أب', '9745', '86798', 11, 5, 1);


INSERT INTO Vehicles
(PlateNumber, WorkLocation, ModelYear, CarType, ChassisNumber, EngineNumber, CenterID, BrandID, StatusID)
VALUES
('ل ب أ7436', 'مصيف بلطيم', 2010, 'بيك أب', '9641', '867658', 11, 5, 1);


INSERT INTO Vehicles
(PlateNumber, WorkLocation, ModelYear, CarType, ChassisNumber, EngineNumber, CenterID, BrandID, StatusID)
VALUES
('ل ط د 8951', 'مصيف بلطيم', 2003, 'بيك أب', '2200966', '276414', 11, 5, 1);


INSERT INTO Vehicles
(PlateNumber, WorkLocation, ModelYear, CarType, ChassisNumber, EngineNumber, CenterID, BrandID, StatusID)
VALUES
('ل ط د 8952', 'مصيف بلطيم', 2002, 'بيك أب', '2200968', '647867', 11, 5, 1);


INSERT INTO Vehicles
(PlateNumber, WorkLocation, ModelYear, CarType, ChassisNumber, EngineNumber, CenterID, BrandID, StatusID)
VALUES
('ل ع د 1627', 'مصيف بلطيم', 1997, 'بيك أب', '7137384', '423312', 11, 55, 1);


INSERT INTO Vehicles
(PlateNumber, WorkLocation, ModelYear, CarType, ChassisNumber, EngineNumber, CenterID, BrandID, StatusID)
VALUES
('7349', 'رئيس المدينة ', 2010, 'ركوب ', '3026394', '7865219', 12, 56, 4);


INSERT INTO Vehicles
(PlateNumber, WorkLocation, ModelYear, CarType, ChassisNumber, EngineNumber, CenterID, BrandID, StatusID)
VALUES
('7348', 'نائب القري', 2010, 'ركوب ', '9832', '868172', 12, 57, 4);


INSERT INTO Vehicles
(PlateNumber, WorkLocation, ModelYear, CarType, ChassisNumber, EngineNumber, CenterID, BrandID, StatusID)
VALUES
('8792', 'نائب الاشغالات ', 2009, 'ركوب ', '6919', '865841', 12, 57, 4);


INSERT INTO Vehicles
(PlateNumber, WorkLocation, ModelYear, CarType, ChassisNumber, EngineNumber, CenterID, BrandID, StatusID)
VALUES
('8793', 'نائب النظافة ', 2009, 'ركوب ', '9863', '868274', 12, 57, 4);


INSERT INTO Vehicles
(PlateNumber, WorkLocation, ModelYear, CarType, ChassisNumber, EngineNumber, CenterID, BrandID, StatusID)
VALUES
('9257', 'رئيس قرية الكوم الطويل ', 1997, 'ركوب ', '717381', '423293', 12, 58, 4);


INSERT INTO Vehicles
(PlateNumber, WorkLocation, ModelYear, CarType, ChassisNumber, EngineNumber, CenterID, BrandID, StatusID)
VALUES
('8157', 'رئيس قرية ابشان ', 2010, 'ركوب ', '5613', '868195', 12, 59, 4);


INSERT INTO Vehicles
(PlateNumber, WorkLocation, ModelYear, CarType, ChassisNumber, EngineNumber, CenterID, BrandID, StatusID)
VALUES
('7329', 'رئيس قرية ابوبدوى ', 2010, 'ركوب ', '7106341', '960944', 12, 57, 4);


INSERT INTO Vehicles
(PlateNumber, WorkLocation, ModelYear, CarType, ChassisNumber, EngineNumber, CenterID, BrandID, StatusID)
VALUES
('9318', 'رئيس قرية حازق ', 2009, 'ركوب ', '1870', '868265', 12, 57, 4);


INSERT INTO Vehicles
(PlateNumber, WorkLocation, ModelYear, CarType, ChassisNumber, EngineNumber, CenterID, BrandID, StatusID)
VALUES
('50125', 'رئيس قرية الحوة ', 1980, 'ركوب ', '3422192', '3422192', 12, 60, 4);


INSERT INTO Vehicles
(PlateNumber, WorkLocation, ModelYear, CarType, ChassisNumber, EngineNumber, CenterID, BrandID, StatusID)
VALUES
('1594', 'رئيس قرية الجرايدة ', 2009, 'ركوب ', '7106341', '960944', 12, 61, 4);


INSERT INTO Vehicles
(PlateNumber, WorkLocation, ModelYear, CarType, ChassisNumber, EngineNumber, CenterID, BrandID, StatusID)
VALUES
('50243', 'رئيس قرية الشطوط ', 1990, 'ركوب ', '7156341', '960944', 12, 61, 4);


INSERT INTO Vehicles
(PlateNumber, WorkLocation, ModelYear, CarType, ChassisNumber, EngineNumber, CenterID, BrandID, StatusID)
VALUES
('2361', 'رئيس قرية كفر العجمى ', 1983, 'ركوب ', '151112', '2765987', 12, 62, 4);


INSERT INTO Vehicles
(PlateNumber, WorkLocation, ModelYear, CarType, ChassisNumber, EngineNumber, CenterID, BrandID, StatusID)
VALUES
('8513 ل ق ع', 'مدينة الرياض', 2010, 'كابينة مزدوجة', '26357', '764996', 13, 12, 1);


INSERT INTO Vehicles
(PlateNumber, WorkLocation, ModelYear, CarType, ChassisNumber, EngineNumber, CenterID, BrandID, StatusID)
VALUES
('8495 ل ق ع', 'مدينة الرياض', 2010, 'بيك اب', '9338', '865194', 13, 15, 1);


INSERT INTO Vehicles
(PlateNumber, WorkLocation, ModelYear, CarType, ChassisNumber, EngineNumber, CenterID, BrandID, StatusID)
VALUES
('8493 ل ق ع', 'مدينة الرياض', 2010, 'بيك اب', '9738', '867897', 13, 15, 1);


INSERT INTO Vehicles
(PlateNumber, WorkLocation, ModelYear, CarType, ChassisNumber, EngineNumber, CenterID, BrandID, StatusID)
VALUES
('8475 ل ق ع', 'مدينة الرياض', 2007, 'بيك اب', '9861', '868192', 13, 15, 1);


INSERT INTO Vehicles
(PlateNumber, WorkLocation, ModelYear, CarType, ChassisNumber, EngineNumber, CenterID, BrandID, StatusID)
VALUES
('8512 ل ق ع', 'مدينة الرياض', 2000, 'كابينة مزودجة', '128211', '155110', 13, 63, 1);


INSERT INTO Vehicles
(PlateNumber, WorkLocation, ModelYear, CarType, ChassisNumber, EngineNumber, CenterID, BrandID, StatusID)
VALUES
('8471 ل ق ع', 'البرية', 1993, ' دبابه ', 'nan', 'nan', 13, 16, 1);


INSERT INTO Vehicles
(PlateNumber, WorkLocation, ModelYear, CarType, ChassisNumber, EngineNumber, CenterID, BrandID, StatusID)
VALUES
('8236 ل ق ع', 'الوزارية', 1995, 'كابينة مزودجة', '7113531', '147567', 13, 16, 1);


INSERT INTO Vehicles
(PlateNumber, WorkLocation, ModelYear, CarType, ChassisNumber, EngineNumber, CenterID, BrandID, StatusID)
VALUES
('8491 ل ق ع', 'ابورية', 2001, 'بيك اب', '220533', '650033', 13, 5, 1);


INSERT INTO Vehicles
(PlateNumber, WorkLocation, ModelYear, CarType, ChassisNumber, EngineNumber, CenterID, BrandID, StatusID)
VALUES
(' 8497 ل ق ع', 'بقلولة', 2000, 'كابينة مزودجة', 'nan', 'nan', 13, 24, 1);


INSERT INTO Vehicles
(PlateNumber, WorkLocation, ModelYear, CarType, ChassisNumber, EngineNumber, CenterID, BrandID, StatusID)
VALUES
('8469 ل ق ع', 'الرغامة', 1993, 'شيفورليه  ', 'nan', 'nan', 13, 64, 1);


INSERT INTO Vehicles
(PlateNumber, WorkLocation, ModelYear, CarType, ChassisNumber, EngineNumber, CenterID, BrandID, StatusID)
VALUES
('8492 ل ق ع', 'الحصفة', 1993, 'بيك اب', 'nan', 'nan', 13, 5, 1);


INSERT INTO Vehicles
(PlateNumber, WorkLocation, ModelYear, CarType, ChassisNumber, EngineNumber, CenterID, BrandID, StatusID)
VALUES
('8472 ل ق ع', 'العباسية', 2007, 'بيك اب', 'nan', 'nan', 13, 5, 1);


INSERT INTO Vehicles
(PlateNumber, WorkLocation, ModelYear, CarType, ChassisNumber, EngineNumber, CenterID, BrandID, StatusID)
VALUES
('8463 ل ق ع ', 'الرصيف', 2010, 'بيك اب', 'nan', 'nan', 13, 5, 1);


INSERT INTO Vehicles
(PlateNumber, WorkLocation, ModelYear, CarType, ChassisNumber, EngineNumber, CenterID, BrandID, StatusID)
VALUES
('8467 ل ق ع', 'المجد 55 ', 2007, 'بيك اب', 'nan', 'nan', 13, 15, 1);


INSERT INTO Vehicles
(PlateNumber, WorkLocation, ModelYear, CarType, ChassisNumber, EngineNumber, CenterID, BrandID, StatusID)
VALUES
('8456 ل ق ع', 'ام سن', 2001, 'بيك اب', 'nan', 'nan', 13, 5, 1);


INSERT INTO Vehicles
(PlateNumber, WorkLocation, ModelYear, CarType, ChassisNumber, EngineNumber, CenterID, BrandID, StatusID)
VALUES
('8462 ل ق ع', 'ابومصطفى', 2000, 'شيفورليه', 'nan', 'nan', 13, 29, 1);


INSERT INTO Vehicles
(PlateNumber, WorkLocation, ModelYear, CarType, ChassisNumber, EngineNumber, CenterID, BrandID, StatusID)
VALUES
('8514 ل ق ع', 'الفيروز', 1993, 'بيك اب', 'nan', 'nan', 13, 5, 1);


INSERT INTO Vehicles
(PlateNumber, WorkLocation, ModelYear, CarType, ChassisNumber, EngineNumber, CenterID, BrandID, StatusID)
VALUES
('8473 ل ق ع', 'الضبعه', 2000, 'بيك اب', 'nan', 'nan', 13, 5, None);


INSERT INTO Vehicles
(PlateNumber, WorkLocation, ModelYear, CarType, ChassisNumber, EngineNumber, CenterID, BrandID, StatusID)
VALUES
(' ل ع د 2185', 'الوحدة المحليه لمدينه سيدى غازى', 2022, 'سيارة نيسان D22  بيك اب مزدوجه', 'Xne008695', '978403T', 14, 65, 3);


INSERT INTO Vehicles
(PlateNumber, WorkLocation, ModelYear, CarType, ChassisNumber, EngineNumber, CenterID, BrandID, StatusID)
VALUES
('ل ع د 2316', 'الوحدة المحليه لمدينه سيدى غازى', 2014, 'سيارة نيسان 350', 'E002922', '568063', 14, 66, 3);


INSERT INTO Vehicles
(PlateNumber, WorkLocation, ModelYear, CarType, ChassisNumber, EngineNumber, CenterID, BrandID, StatusID)
VALUES
('6938 ل ب أ', 'مطوبس', 2010, '2كابينة', '703026420', '7865999', 15, 67, 1);


INSERT INTO Vehicles
(PlateNumber, WorkLocation, ModelYear, CarType, ChassisNumber, EngineNumber, CenterID, BrandID, StatusID)
VALUES
('6972 ل ب أ', 'مطوبس', 1994, '2كابينة', '7109240', '904256', 15, 16, 1);


INSERT INTO Vehicles
(PlateNumber, WorkLocation, ModelYear, CarType, ChassisNumber, EngineNumber, CenterID, BrandID, StatusID)
VALUES
('3257 ل ع د ', 'مطوبس', 2010, '1كابينة', 'Z0009858', '868187', 15, 5, 1);


INSERT INTO Vehicles
(PlateNumber, WorkLocation, ModelYear, CarType, ChassisNumber, EngineNumber, CenterID, BrandID, StatusID)
VALUES
('3251 ل ع د', 'مطوبس', 2007, '1كابينة', '104520', '790188', 15, 5, 1);


INSERT INTO Vehicles
(PlateNumber, WorkLocation, ModelYear, CarType, ChassisNumber, EngineNumber, CenterID, BrandID, StatusID)
VALUES
('6982 ل ب أ', 'مطوبس', 2010, '1كابينة', 'K9865', '868258', 15, 5, 1);


INSERT INTO Vehicles
(PlateNumber, WorkLocation, ModelYear, CarType, ChassisNumber, EngineNumber, CenterID, BrandID, StatusID)
VALUES
('7146 ل ب أ', 'مطوبس', 2010, '1كابينة', 'K9857', '868186', 15, 5, 1);


INSERT INTO Vehicles
(PlateNumber, WorkLocation, ModelYear, CarType, ChassisNumber, EngineNumber, CenterID, BrandID, StatusID)
VALUES
('6952 ل ب أ', 'مطوبس', 2010, 'مينى فان ثمناية', '107755', '1062235', 15, 68, 1);


INSERT INTO Vehicles
(PlateNumber, WorkLocation, ModelYear, CarType, ChassisNumber, EngineNumber, CenterID, BrandID, StatusID)
VALUES
('6958 ل ب أ', 'الجزيرة الخضراء', 2010, '1 كابينة ', '9871', '868279', 15, 5, 1);


INSERT INTO Vehicles
(PlateNumber, WorkLocation, ModelYear, CarType, ChassisNumber, EngineNumber, CenterID, BrandID, StatusID)
VALUES
('3196 ل ع د', 'البصراط', 2010, '1 كابينة ', '9854', '868203', 15, 5, 1);


INSERT INTO Vehicles
(PlateNumber, WorkLocation, ModelYear, CarType, ChassisNumber, EngineNumber, CenterID, BrandID, StatusID)
VALUES
('7158 ل ب أ', 'برمبال', 2007, '1 كابينة ', '4556', '790349', 15, 5, 1);


INSERT INTO Vehicles
(PlateNumber, WorkLocation, ModelYear, CarType, ChassisNumber, EngineNumber, CenterID, BrandID, StatusID)
VALUES
('7162 ل ب أ', 'منية المرشد', 2007, '1 كابينة ', '4521', '790203', 15, 5, 1);


INSERT INTO Vehicles
(PlateNumber, WorkLocation, ModelYear, CarType, ChassisNumber, EngineNumber, CenterID, BrandID, StatusID)
VALUES
('7159 ل ب أ', 'بنى بكار ', 2009, '1 كابينة ', '9603', '86573', 15, 5, 1);

